investor_id,age,income,investor_profile,registration_date
1001,41,9440.99,Moderado,2024-01-24
1002,27,5550.85,Conservador,2024-12-05
1003,46,10599.03,Moderado,2023-02-20
1004,48,11612.78,Moderado,2024-08-19
1005,18,3488.3,Conservador,2024-01-30
1006,24,5210.25,Arrojado,2024-06-12
1007,39,9294.32,Moderado,2023-03-12
1008,35,7753.77,Conservador,2024-09-27
1009,38,9087.07,Arrojado,2023-01-09
1010,29,6530.42,Moderado,2024-10-24
1011,48,10866.21,Conservador,2024-04-25
1012,47,11928.76,Arrojado,2023-09-04
1013,39,8747.85,Moderado,2023-01-06
1014,50,11288.65,Moderado,2024-03-22
1015,43,9616.69,Arrojado,2023-03-05
1016,29,5983.39,Moderado,2024-03-21
1017,42,9750.42,Moderado,2024-07-19
1018,27,5712.54,Conservador,2023-07-15
1019,48,11148.16,Arrojado,2023-06-24
1020,37,8744.41,Moderado,2023-06-12
1021,36,8330.08,Moderado,2023-06-14
1022,31,7017.81,Conservador,2023-03-25
1023,51,12266.86,Moderado,2023-07-02
1024,36,8482.32,Moderado,2024-04-26
1025,33,6782.24,Conservador,2023-08-10
1026,34,7497.69,Conservador,2024-07-24
1027,44,9630.02,Moderado,2024-08-21
1028,42,9743.12,Conservador,2024-07-10
1029,43,9984.91,Moderado,2024-01-30
1030,43,10579.92,Moderado,2023-08-20
1031,62,15624.25,Arrojado,2024-11-10
1032,34,7741.27,Conservador,2023-05-31
1033,32,6927.98,Moderado,2023-12-06
1034,29,6587.78,Conservador,2023-11-28
1035,45,10298.27,Moderado,2024-06-29
1036,50,11806.35,Arrojado,2024-02-04
1037,37,8978.25,Moderado,2024-08-07
1038,29,6127.89,Arrojado,2024-11-02
1039,29,6778.27,Conservador,2023-10-13
1040,45,10858.72,Moderado,2024-10-01
1041,46,10422.25,Arrojado,2023-05-05
1042,44,10789.8,Arrojado,2024-10-31
1043,31,7231.53,Arrojado,2023-05-11
1044,41,9513.29,Conservador,2024-09-13
1045,39,8660.36,Conservador,2023-10-13
1046,40,8890.48,Conservador,2024-12-06
1047,48,11074.87,Arrojado,2023-04-05
1048,40,9479.92,Moderado,2023-12-07
1049,45,10162.01,Moderado,2024-10-21
1050,39,9161.73,Conservador,2023-02-04
1051,41,9044.45,Arrojado,2023-07-13
1052,45,10420.37,Conservador,2023-03-03
1053,22,4576.89,Arrojado,2023-08-23
1054,34,9625.94,Arrojado,2023-10-13
1055,33,6931.05,Moderado,2024-03-28
1056,31,7794.18,Moderado,2023-07-08
1057,35,7975.82,Conservador,2023-04-26
1058,54,13047.57,Conservador,2023-05-05
1059,28,6140.96,Conservador,2024-11-16
1060,49,11765.64,Conservador,2024-11-27
1061,19,3681.02,Conservador,2023-06-11
1062,34,8558.77,Arrojado,2023-05-23
1063,40,9023.7,Moderado,2023-02-09
1064,44,10902.78,Moderado,2024-12-02
1065,46,10518.54,Moderado,2024-05-31
1066,47,11000.57,Moderado,2024-07-10
1067,34,7269.27,Arrojado,2023-08-01
1068,33,7611.24,Moderado,2024-04-13
1069,47,11931.16,Arrojado,2023-02-13
1070,36,8133.2,Moderado,2024-05-09
1071,24,4963.29,Conservador,2024-02-28
1072,26,5177.68,Conservador,2023-08-31
1073,28,5990.21,Conservador,2024-06-03
1074,43,9481.97,Moderado,2024-04-17
1075,40,8874.48,Moderado,2023-11-17
1076,46,10873.01,Conservador,2023-05-17
1077,33,8186.82,Moderado,2023-01-18
1078,40,11713.94,Moderado,2024-11-16
1079,45,10277.99,Conservador,2023-07-25
1080,35,8802.82,Conservador,2023-08-09
1081,43,10101.39,Moderado,2024-05-12
1082,31,6802.03,Moderado,2023-07-06
1083,34,7859.08,Conservador,2023-10-02
1084,34,7674.86,Moderado,2024-06-03
1085,25,5357.24,Arrojado,2024-03-11
1086,43,9821.3,Arrojado,2024-04-24
1087,33,6926.1,Moderado,2023-01-04
1088,38,8192.75,Conservador,2023-11-26
1089,43,10324.25,Conservador,2023-12-14
1090,43,9871.42,Moderado,2024-04-07
1091,45,10274.76,Moderado,2023-04-21
1092,37,8430.75,Moderado,2023-04-27
1093,33,7811.43,Moderado,2024-07-11
1094,37,8510.42,Arrojado,2024-05-07
1095,19,3494.67,Moderado,2024-08-15
1096,22,5253.8,Moderado,2023-07-17
1097,23,5808.76,Arrojado,2024-12-30
1098,27,6072.98,Conservador,2023-07-19
1099,42,10269.64,Conservador,2024-04-20
1100,28,6825.93,Arrojado,2023-04-29
1101,34,8301.2,Moderado,2024-11-02
1102,52,12641.12,Conservador,2023-08-31
1103,34,7951.93,Conservador,2024-08-09
1104,46,11026.99,Arrojado,2023-08-31
1105,28,5702.35,Conservador,2024-08-01
1106,36,8532.84,Conservador,2023-11-29
1107,28,5636.21,Arrojado,2023-02-15
1108,34,7350.26,Conservador,2023-05-20
1109,47,11814.45,Conservador,2024-05-14
1110,19,4200.49,Moderado,2023-05-22
1111,43,10927.48,Moderado,2023-07-21
1112,41,9353.39,Moderado,2024-02-01
1113,31,6467.65,Arrojado,2023-07-04
1114,22,4425.76,Moderado,2023-04-05
1115,39,8993.34,Moderado,2024-04-01
1116,32,7162.68,Moderado,2024-05-18
1117,41,10123.85,Moderado,2024-06-19
1118,38,8538.88,Moderado,2024-11-21
1119,56,13536.39,Moderado,2023-04-02
1120,35,7552.55,Arrojado,2023-11-08
1121,27,6048.68,Moderado,2023-06-21
1122,40,9208.35,Moderado,2024-10-20
1123,40,8924.31,Conservador,2024-01-30
1124,53,12487.6,Moderado,2023-03-13
1125,47,10948.47,Moderado,2024-05-20
1126,42,9613.99,Moderado,2023-02-01
1127,54,14050.19,Arrojado,2023-07-20
1128,25,5264.2,Conservador,2024-06-11
1129,31,6764.38,Moderado,2024-01-05
1130,28,5484.06,Arrojado,2024-07-10
1131,34,7320.0,Moderado,2024-02-22
1132,23,4676.78,Arrojado,2024-09-08
1133,45,10244.88,Moderado,2024-02-16
1134,36,9017.95,Moderado,2023-02-11
1135,22,4456.37,Conservador,2023-02-22
1136,27,6602.41,Conservador,2024-07-21
1137,41,9494.76,Moderado,2023-01-29
1138,47,11043.64,Arrojado,2023-10-03
1139,60,14368.31,Arrojado,2023-01-12
1140,70,17008.66,Arrojado,2023-08-10
1141,43,11139.01,Moderado,2024-03-11
1142,27,5187.52,Conservador,2023-05-07
1143,18,2900.99,Arrojado,2023-12-07
1144,41,9252.95,Moderado,2024-12-29
1145,29,6353.44,Conservador,2023-02-21
1146,33,7746.4,Conservador,2023-02-16
1147,31,7101.13,Conservador,2023-07-18
1148,36,8010.25,Arrojado,2024-08-27
1149,50,12381.2,Moderado,2023-10-24
1150,40,9789.05,Moderado,2024-04-12
1151,36,8252.2,Moderado,2023-01-25
1152,27,6362.08,Moderado,2024-06-21
1153,20,4135.8,Conservador,2023-02-19
1154,33,7166.61,Conservador,2024-06-04
1155,37,8791.08,Moderado,2023-04-19
1156,57,13677.34,Arrojado,2024-09-19
1157,39,8947.57,Moderado,2023-08-05
1158,49,12474.99,Conservador,2023-05-15
1159,33,6727.58,Moderado,2023-09-04
1160,25,4841.49,Conservador,2023-01-01
1161,27,5418.51,Conservador,2023-05-01
1162,30,6458.13,Conservador,2024-03-13
1163,61,14560.13,Arrojado,2023-08-08
1164,29,5860.87,Moderado,2023-09-16
1165,47,10673.54,Arrojado,2024-08-13
1166,28,5769.99,Arrojado,2023-04-01
1167,48,13282.39,Arrojado,2023-10-17
1168,42,10960.36,Conservador,2023-05-17
1169,36,8000.04,Conservador,2023-12-19
1170,38,8538.01,Conservador,2023-08-31
1171,31,6468.45,Conservador,2023-02-03
1172,43,9418.21,Conservador,2023-02-21
1173,33,7336.4,Moderado,2024-09-15
1174,25,4949.93,Conservador,2023-02-11
1175,24,5010.0,Moderado,2024-07-26
1176,40,8700.37,Moderado,2024-10-31
1177,55,12820.47,Arrojado,2023-12-07
1178,40,9275.24,Moderado,2023-08-17
1179,37,8603.79,Moderado,2024-07-21
1180,41,9670.94,Moderado,2024-12-19
1181,52,11884.8,Arrojado,2023-03-30
1182,40,9669.9,Moderado,2024-12-05
1183,33,7088.52,Conservador,2024-11-20
1184,50,12132.15,Conservador,2023-04-15
1185,43,9982.26,Conservador,2023-02-10
1186,55,12651.27,Moderado,2024-06-06
1187,40,9076.07,Moderado,2023-02-26
1188,25,5483.34,Conservador,2024-03-15
1189,23,5100.46,Arrojado,2023-02-17
1190,56,13306.3,Arrojado,2024-05-19
1191,57,14606.36,Arrojado,2023-06-19
1192,36,8733.12,Conservador,2023-03-12
1193,34,7539.32,Conservador,2023-02-18
1194,54,13243.25,Moderado,2023-05-18
1195,26,6936.3,Moderado,2024-01-31
1196,28,7484.77,Conservador,2023-02-26
1197,45,10087.95,Moderado,2024-08-09
1198,34,7310.47,Moderado,2024-03-17
1199,38,9625.33,Moderado,2023-08-06
1200,36,7793.03,Conservador,2024-12-22
1201,42,9284.3,Conservador,2024-04-26
1202,53,12393.02,Moderado,2024-05-06
1203,39,9152.42,Moderado,2023-05-08
1204,45,10462.52,Arrojado,2024-06-03
1205,18,3236.48,Arrojado,2024-02-13
1206,37,8168.69,Moderado,2024-12-20
1207,29,6076.29,Conservador,2023-12-16
1208,25,4984.38,Moderado,2024-05-10
1209,28,7855.56,Moderado,2023-09-07
1210,34,7788.36,Conservador,2023-01-30
1211,48,11770.98,Arrojado,2023-04-04
1212,23,4591.99,Arrojado,2024-09-25
1213,38,8607.74,Arrojado,2024-06-23
1214,33,7115.9,Arrojado,2023-09-24
1215,34,6959.28,Conservador,2024-05-25
1216,49,11090.88,Moderado,2023-01-04
1217,44,9696.97,Moderado,2023-01-28
1218,53,11958.61,Moderado,2024-01-06
1219,36,7756.36,Conservador,2024-04-01
1220,30,7411.61,Conservador,2024-11-15
1221,36,8147.43,Moderado,2024-07-09
1222,41,10244.1,Conservador,2023-07-08
1223,40,9407.47,Moderado,2024-08-18
1224,26,5983.59,Conservador,2023-12-26
1225,39,8618.02,Conservador,2024-08-26
1226,41,9729.4,Moderado,2023-05-08
1227,66,16349.99,Arrojado,2023-01-20
1228,59,13921.39,Arrojado,2023-02-12
1229,29,6629.57,Arrojado,2024-12-25
1230,35,8193.37,Moderado,2023-02-28
1231,22,4310.73,Moderado,2024-11-17
1232,32,6735.5,Conservador,2024-06-15
1233,41,9059.28,Conservador,2023-04-17
1234,51,12106.15,Arrojado,2024-09-23
1235,30,6763.44,Conservador,2023-04-16
1236,31,6570.91,Conservador,2023-04-15
1237,18,3498.85,Moderado,2024-02-25
1238,36,8455.87,Moderado,2023-07-30
1239,26,5883.52,Conservador,2023-08-01
1240,32,8124.23,Moderado,2023-05-23
1241,28,6853.35,Arrojado,2024-03-20
1242,37,8068.95,Conservador,2023-01-20
1243,19,4865.38,Conservador,2023-06-29
1244,22,4317.2,Moderado,2024-02-09
1245,61,15259.45,Arrojado,2023-12-22
1246,24,5077.63,Conservador,2024-05-26
1247,26,5399.89,Conservador,2023-06-08
1248,58,13337.54,Moderado,2024-04-18
1249,70,16933.64,Moderado,2024-07-09
1250,25,4809.27,Arrojado,2023-10-11
1251,34,8185.27,Conservador,2023-07-07
1252,42,10693.15,Moderado,2024-02-10
1253,57,13329.54,Arrojado,2024-02-28
1254,27,5970.63,Conservador,2023-03-10
1255,35,7632.1,Arrojado,2024-02-18
1256,47,10783.84,Conservador,2023-04-23
1257,43,10398.51,Moderado,2024-02-20
1258,34,7630.0,Moderado,2024-11-12
1259,37,9599.17,Arrojado,2024-01-28
1260,23,4594.44,Moderado,2024-07-10
1261,35,8467.41,Conservador,2023-08-15
1262,35,7951.2,Conservador,2024-11-05
1263,41,9891.97,Moderado,2024-08-17
1264,32,6947.08,Moderado,2024-11-01
1265,43,9965.2,Moderado,2024-06-26
1266,49,11496.98,Arrojado,2024-04-19
1267,40,8897.5,Moderado,2024-01-19
1268,42,10069.52,Moderado,2024-11-09
1269,39,9282.46,Conservador,2024-09-12
1270,38,8989.15,Moderado,2023-11-01
1271,30,7590.96,Moderado,2023-03-04
1272,41,10374.75,Conservador,2023-01-03
1273,37,8273.73,Moderado,2023-06-20
1274,61,14847.38,Arrojado,2023-02-15
1275,55,12865.47,Moderado,2023-06-04
1276,42,9737.4,Conservador,2023-03-22
1277,30,6373.52,Conservador,2024-12-18
1278,26,6626.06,Arrojado,2023-03-11
1279,51,12242.47,Moderado,2024-04-03
1280,41,9374.73,Conservador,2023-09-15
1281,43,10688.79,Arrojado,2023-05-08
1282,19,3131.62,Moderado,2024-05-27
1283,48,10698.73,Arrojado,2024-12-10
1284,43,10412.01,Moderado,2024-07-31
1285,26,5594.19,Moderado,2024-12-13
1286,33,7504.71,Moderado,2024-03-07
1287,41,9023.35,Arrojado,2024-05-07
1288,39,8936.7,Arrojado,2023-04-18
1289,35,9351.39,Arrojado,2024-09-15
1290,37,8870.14,Conservador,2024-06-30
1291,35,7985.3,Moderado,2023-07-05
1292,40,9030.03,Arrojado,2023-09-17
1293,54,12686.4,Arrojado,2024-03-22
1294,18,2878.61,Conservador,2023-01-10
1295,35,8028.29,Arrojado,2024-08-20
1296,40,9663.91,Arrojado,2023-07-25
1297,41,8965.71,Arrojado,2023-02-24
1298,34,7392.89,Conservador,2023-08-30
1299,19,3346.27,Conservador,2024-09-02
1300,42,9379.21,Moderado,2023-07-20
1301,57,13651.01,Moderado,2024-01-30
1302,21,3666.32,Conservador,2024-08-16
1303,48,11601.22,Conservador,2023-01-25
1304,34,8045.58,Conservador,2024-07-09
1305,37,8321.52,Moderado,2023-07-31
1306,26,4903.22,Conservador,2024-05-23
1307,34,7290.33,Arrojado,2023-05-18
1308,52,13058.91,Moderado,2023-04-12
1309,44,9542.74,Arrojado,2024-07-30
1310,57,13484.09,Moderado,2024-08-13
1311,51,11660.35,Arrojado,2024-12-18
1312,43,10417.57,Moderado,2024-05-10
1313,57,13368.39,Arrojado,2023-12-07
1314,43,10183.72,Moderado,2023-05-23
1315,47,11312.96,Arrojado,2023-08-04
1316,35,9175.08,Moderado,2024-04-18
1317,39,8860.83,Moderado,2023-09-11
1318,30,6788.95,Moderado,2023-12-20
1319,49,11065.91,Arrojado,2023-05-03
1320,25,6006.36,Moderado,2023-11-18
1321,47,10740.93,Moderado,2023-06-23
1322,36,7946.86,Arrojado,2023-03-23
1323,51,12057.14,Arrojado,2023-04-07
1324,46,10268.5,Moderado,2024-01-14
1325,58,13993.99,Conservador,2023-09-25
1326,46,11305.38,Arrojado,2023-03-15
1327,21,4406.04,Conservador,2024-01-11
1328,37,7922.82,Arrojado,2023-05-01
1329,25,5253.49,Moderado,2023-01-12
1330,32,7518.23,Arrojado,2023-04-07
1331,55,12543.92,Conservador,2023-11-24
1332,45,10128.5,Conservador,2024-11-28
1333,30,7084.23,Moderado,2023-06-26
1334,27,5954.52,Moderado,2023-07-28
1335,38,8888.0,Conservador,2023-06-27
1336,25,6598.82,Moderado,2023-09-17
1337,31,7098.64,Arrojado,2024-06-08
1338,41,9807.02,Arrojado,2023-08-24
1339,51,14422.5,Arrojado,2024-04-25
1340,45,10416.44,Arrojado,2024-10-18
1341,18,3189.24,Arrojado,2024-11-22
1342,41,9676.49,Moderado,2024-02-16
1343,39,9162.53,Conservador,2024-06-05
1344,43,9778.69,Moderado,2024-11-02
1345,56,13000.21,Arrojado,2024-07-29
1346,18,5290.76,Conservador,2023-08-08
1347,31,7023.35,Moderado,2023-04-07
1348,44,9969.89,Conservador,2023-03-25
1349,21,4770.41,Arrojado,2024-10-06
1350,54,12799.67,Arrojado,2024-02-11
1351,42,9620.81,Arrojado,2023-08-05
1352,47,11311.13,Arrojado,2023-09-10
1353,32,6691.86,Moderado,2023-07-25
1354,47,11196.69,Moderado,2024-08-09
1355,50,13154.3,Conservador,2024-03-23
1356,41,9697.34,Conservador,2024-10-04
1357,41,9313.26,Moderado,2023-08-09
1358,41,9265.6,Moderado,2023-12-12
1359,29,6180.56,Arrojado,2023-03-30
1360,36,8060.38,Arrojado,2024-12-11
1361,36,8012.66,Arrojado,2024-01-10
1362,42,10230.67,Conservador,2024-02-09
1363,49,11012.46,Moderado,2023-10-30
1364,26,6034.68,Moderado,2023-07-18
1365,37,8271.96,Arrojado,2024-11-24
1366,54,13029.42,Arrojado,2023-12-24
1367,30,6214.37,Arrojado,2024-05-08
1368,29,7154.57,Conservador,2023-01-28
1369,40,9948.79,Conservador,2023-07-21
1370,47,11559.98,Arrojado,2024-08-10
1371,38,8199.2,Conservador,2023-03-06
1372,53,13033.31,Moderado,2023-03-16
1373,47,11224.2,Moderado,2024-08-14
1374,47,10519.27,Arrojado,2023-08-14
1375,44,10236.24,Moderado,2023-07-20
1376,64,15622.91,Conservador,2024-02-18
1377,36,8447.59,Moderado,2023-05-23
1378,18,3568.92,Conservador,2023-02-01
1379,56,13505.17,Moderado,2023-01-04
1380,33,8315.56,Moderado,2023-02-27
1381,39,9673.61,Moderado,2023-04-26
1382,52,11611.64,Arrojado,2024-05-23
1383,20,3875.59,Conservador,2023-08-06
1384,24,4976.49,Conservador,2023-02-22
1385,20,3468.63,Moderado,2023-01-11
1386,29,6389.7,Conservador,2023-12-15
1387,43,10731.22,Conservador,2024-09-06
1388,44,9865.28,Arrojado,2023-09-05
1389,41,9628.28,Arrojado,2023-02-16
1390,22,4193.62,Moderado,2023-06-16
1391,18,3229.44,Conservador,2024-01-01
1392,39,9878.82,Arrojado,2023-05-18
1393,33,7173.16,Conservador,2024-12-16
1394,43,10215.16,Moderado,2024-07-12
1395,46,10205.21,Conservador,2023-09-09
1396,40,10501.71,Conservador,2024-11-26
1397,46,11074.44,Moderado,2023-08-26
1398,41,9389.15,Moderado,2023-04-13
1399,44,10538.75,Conservador,2024-11-16
1400,30,6143.33,Moderado,2024-12-02
1401,36,8860.39,Moderado,2023-08-17
1402,40,9073.07,Arrojado,2024-03-10
1403,47,10940.37,Moderado,2023-05-07
1404,34,7451.08,Conservador,2024-04-14
1405,44,10020.02,Conservador,2024-05-19
1406,35,8269.17,Conservador,2024-06-02
1407,37,8547.43,Moderado,2024-02-20
1408,47,11363.36,Moderado,2024-05-29
1409,18,3483.07,Conservador,2024-02-10
1410,24,5303.37,Conservador,2024-08-22
1411,22,4357.42,Conservador,2023-05-12
1412,18,5191.94,Arrojado,2023-12-20
1413,31,6367.39,Conservador,2023-11-01
1414,46,11520.73,Conservador,2024-01-25
1415,35,8746.57,Arrojado,2023-04-14
1416,40,8892.61,Arrojado,2023-08-25
1417,50,13511.39,Moderado,2024-11-28
1418,53,13144.74,Moderado,2023-03-18
1419,37,8967.9,Arrojado,2024-04-09
1420,53,12599.49,Conservador,2024-04-30
1421,39,8855.06,Conservador,2023-12-13
1422,29,6258.21,Conservador,2023-01-25
1423,31,7056.59,Arrojado,2023-01-26
1424,22,5394.13,Conservador,2023-07-21
1425,28,6170.87,Moderado,2023-03-16
1426,34,7314.9,Arrojado,2023-03-10
1427,47,11470.29,Arrojado,2023-04-28
1428,57,14133.92,Moderado,2023-05-20
1429,23,5125.09,Moderado,2024-09-04
1430,42,10120.38,Arrojado,2024-04-11
1431,27,5713.69,Conservador,2023-01-23
1432,43,9649.75,Arrojado,2024-04-04
1433,37,8107.78,Conservador,2023-04-10
1434,18,2972.8,Moderado,2023-11-04
1435,48,11398.02,Moderado,2023-01-28
1436,31,6830.59,Conservador,2023-03-07
1437,32,6949.68,Conservador,2023-04-07
1438,26,4841.02,Moderado,2023-11-13
1439,31,6443.04,Arrojado,2023-12-05
1440,43,10634.38,Moderado,2023-09-15
1441,36,7911.84,Moderado,2024-03-29
1442,42,9900.85,Arrojado,2024-06-10
1443,42,9267.86,Conservador,2024-06-16
1444,53,13485.7,Arrojado,2024-02-28
1445,34,7585.03,Arrojado,2024-02-03
1446,22,4664.57,Arrojado,2023-12-26
1447,50,13630.84,Moderado,2023-06-23
1448,34,8612.84,Moderado,2023-12-22
1449,50,11679.79,Arrojado,2023-01-08
1450,42,9495.73,Arrojado,2024-12-07
1451,37,8292.48,Conservador,2023-09-28
1452,42,9981.52,Moderado,2024-07-06
1453,59,14101.33,Arrojado,2024-11-30
1454,61,14506.15,Moderado,2023-12-30
1455,39,9870.02,Moderado,2024-09-21
1456,40,9157.53,Moderado,2023-12-17
1457,50,13597.91,Arrojado,2023-04-07
1458,29,6388.11,Conservador,2023-01-20
1459,42,10944.01,Conservador,2023-04-10
1460,38,8859.14,Conservador,2024-11-19
1461,41,10002.29,Conservador,2023-12-14
1462,29,6072.35,Conservador,2023-08-22
1463,21,3952.13,Conservador,2023-11-23
1464,18,3713.8,Conservador,2023-07-07
1465,26,6119.92,Conservador,2024-09-28
1466,33,7405.01,Conservador,2024-12-31
1467,35,7473.22,Conservador,2023-03-04
1468,59,13695.14,Arrojado,2024-06-09
1469,50,11339.27,Arrojado,2023-09-03
1470,27,5285.51,Moderado,2023-02-04
1471,42,9776.81,Moderado,2024-11-05
1472,34,8297.47,Moderado,2023-02-15
1473,35,7901.03,Moderado,2023-05-31
1474,40,8576.9,Moderado,2023-01-19
1475,45,10425.78,Conservador,2023-12-11
1476,34,7577.25,Moderado,2024-03-14
1477,50,13354.72,Conservador,2023-08-23
1478,25,4832.31,Moderado,2023-02-22
1479,38,8527.85,Arrojado,2023-03-26
1480,67,17366.59,Moderado,2024-11-13
1481,40,9428.49,Arrojado,2024-08-12
1482,54,13131.73,Conservador,2024-11-15
1483,39,8999.2,Moderado,2024-01-24
1484,44,10404.95,Moderado,2024-02-04
1485,37,8840.47,Moderado,2024-07-28
1486,36,7865.65,Moderado,2024-03-26
1487,29,6825.23,Moderado,2023-11-16
1488,43,9532.08,Arrojado,2023-08-02
1489,29,6504.14,Arrojado,2023-12-21
1490,45,10589.64,Moderado,2023-02-16
1491,50,11567.93,Arrojado,2023-05-21
1492,42,9716.95,Conservador,2024-06-23
1493,35,7665.83,Arrojado,2024-09-26
1494,43,9609.34,Conservador,2023-03-16
1495,35,7761.78,Arrojado,2023-03-12
1496,48,10900.55,Arrojado,2023-03-04
1497,18,3641.27,Conservador,2024-08-01
1498,34,7248.22,Conservador,2023-08-16
1499,18,3859.71,Conservador,2023-08-27
1500,22,4119.97,Arrojado,2023-01-10
1501,53,12364.95,Arrojado,2024-12-11
1502,48,11045.14,Moderado,2023-11-14
1503,30,7411.76,Arrojado,2024-08-05
1504,21,4425.13,Moderado,2024-06-01
1505,18,3397.27,Arrojado,2023-04-14
1506,32,7375.29,Arrojado,2024-08-08
1507,65,15102.38,Arrojado,2024-02-07
1508,43,9968.0,Moderado,2024-03-17
1509,32,8564.84,Arrojado,2023-05-27
1510,43,10047.54,Moderado,2024-09-11
1511,21,4297.6,Conservador,2024-11-12
1512,35,8183.07,Arrojado,2023-10-25
1513,39,9436.84,Moderado,2023-03-09
1514,37,7841.73,Arrojado,2024-09-12
1515,47,10502.94,Moderado,2024-10-10
1516,42,9824.93,Conservador,2024-01-06
1517,45,10235.47,Moderado,2024-02-28
1518,30,7401.21,Arrojado,2023-06-13
1519,48,11156.46,Arrojado,2023-02-19
1520,56,12793.27,Conservador,2024-11-21
1521,27,5397.82,Conservador,2023-12-20
1522,28,5386.37,Arrojado,2023-07-21
1523,53,12488.28,Moderado,2024-05-21
1524,36,8086.75,Conservador,2023-01-20
1525,53,12415.36,Arrojado,2023-02-28
1526,33,8003.81,Arrojado,2023-06-27
1527,54,13552.52,Moderado,2023-11-26
1528,39,8874.12,Moderado,2023-09-26
1529,41,8857.67,Arrojado,2023-05-17
1530,55,13422.99,Moderado,2023-09-14
1531,34,7927.18,Arrojado,2023-09-02
1532,28,6234.41,Moderado,2024-01-19
1533,33,7935.03,Moderado,2024-02-16
1534,43,9584.33,Moderado,2024-10-07
1535,21,5717.14,Moderado,2024-08-12
1536,45,10160.92,Arrojado,2023-08-02
1537,32,7522.7,Conservador,2024-10-21
1538,51,11541.89,Conservador,2024-01-16
1539,18,3149.38,Moderado,2023-05-18
1540,29,7312.77,Moderado,2023-09-06
1541,19,3637.64,Moderado,2024-06-26
1542,29,6800.3,Moderado,2024-08-23
1543,41,9578.03,Moderado,2023-10-01
1544,36,8121.44,Arrojado,2023-04-26
1545,35,8743.24,Moderado,2023-05-21
1546,36,8067.26,Conservador,2023-03-17
1547,40,8662.88,Moderado,2024-05-25
1548,27,5527.58,Arrojado,2024-01-03
1549,46,11044.81,Conservador,2023-11-26
1550,45,10699.23,Moderado,2024-05-06
1551,42,9227.58,Conservador,2024-08-28
1552,44,9972.43,Moderado,2024-08-04
1553,41,9239.66,Moderado,2023-04-11
1554,60,14257.3,Conservador,2024-03-07
1555,37,7971.38,Moderado,2024-10-07
1556,35,7663.87,Conservador,2024-07-19
1557,30,6331.07,Conservador,2023-08-29
1558,27,6236.65,Arrojado,2023-10-15
1559,24,5480.47,Arrojado,2024-10-12
1560,28,6024.29,Arrojado,2023-01-25
1561,37,8267.34,Moderado,2024-01-20
1562,42,9791.11,Moderado,2023-03-26
1563,39,8643.47,Arrojado,2024-10-15
1564,30,6209.08,Arrojado,2023-01-29
1565,48,10946.48,Arrojado,2023-01-18
1566,46,10521.72,Conservador,2023-08-29
1567,36,7764.69,Moderado,2023-05-27
1568,31,6941.64,Moderado,2023-12-29
1569,44,10630.61,Conservador,2023-08-07
1570,40,8703.21,Moderado,2023-09-18
1571,22,4538.19,Arrojado,2024-02-17
1572,37,8333.97,Moderado,2024-02-14
1573,41,9630.92,Arrojado,2024-11-14
1574,28,6081.24,Moderado,2023-12-18
1575,40,8733.13,Moderado,2024-02-17
1576,22,4099.23,Moderado,2024-05-10
1577,53,12600.12,Conservador,2023-05-08
1578,52,12908.05,Conservador,2024-05-02
1579,35,7284.4,Arrojado,2024-09-22
1580,42,9893.11,Arrojado,2023-08-21
1581,18,4185.76,Conservador,2023-05-11
1582,25,5241.29,Arrojado,2023-09-11
1583,35,8184.25,Moderado,2023-07-21
1584,26,5299.29,Moderado,2024-03-03
1585,46,10715.35,Moderado,2024-09-23
1586,60,13895.91,Arrojado,2024-03-11
1587,25,4663.67,Moderado,2023-04-02
1588,29,6868.52,Arrojado,2023-08-19
1589,41,9113.58,Moderado,2024-05-18
1590,56,13184.04,Arrojado,2023-08-30
1591,25,4848.87,Conservador,2024-03-04
1592,41,9003.3,Arrojado,2024-05-22
1593,58,13812.7,Arrojado,2023-08-29
1594,20,3730.76,Moderado,2024-04-18
1595,24,5229.96,Conservador,2023-10-19
1596,33,7609.89,Conservador,2023-04-09
1597,32,7280.27,Arrojado,2023-09-30
1598,47,11138.84,Moderado,2023-11-19
1599,41,10487.48,Conservador,2023-01-02
1600,18,3110.47,Moderado,2024-10-14
1601,44,10222.87,Moderado,2024-01-21
1602,32,7783.12,Arrojado,2023-01-27
1603,52,13083.56,Moderado,2024-09-26
1604,31,6400.53,Moderado,2024-09-17
1605,31,6737.55,Arrojado,2023-01-09
1606,44,11078.55,Conservador,2023-04-30
1607,46,11020.51,Conservador,2023-09-23
1608,43,10077.62,Moderado,2024-01-06
1609,19,3654.87,Moderado,2024-06-14
1610,44,10090.42,Conservador,2023-11-07
1611,27,5963.65,Conservador,2024-03-23
1612,41,9361.01,Arrojado,2023-01-08
1613,22,4508.24,Conservador,2024-04-26
1614,43,10022.5,Moderado,2024-10-31
1615,29,6087.42,Conservador,2024-01-20
1616,24,5314.0,Conservador,2023-11-29
1617,46,13443.04,Moderado,2023-08-06
1618,41,8923.63,Arrojado,2024-11-28
1619,31,7021.9,Conservador,2023-01-25
1620,54,12561.03,Arrojado,2023-07-29
1621,33,7679.81,Conservador,2023-04-12
1622,38,8707.87,Conservador,2024-09-25
1623,41,9870.58,Arrojado,2023-12-19
1624,31,7555.08,Moderado,2024-11-05
1625,43,10076.24,Conservador,2024-05-01
1626,32,7782.64,Moderado,2024-02-12
1627,33,6743.68,Arrojado,2024-01-14
1628,53,13618.97,Arrojado,2023-05-29
1629,27,6008.43,Conservador,2024-02-15
1630,18,4103.06,Moderado,2024-05-15
1631,56,12950.03,Moderado,2024-12-06
1632,66,15659.12,Conservador,2024-02-06
1633,34,7713.96,Moderado,2024-11-17
1634,18,3479.43,Moderado,2024-11-21
1635,35,8041.05,Arrojado,2024-01-17
1636,35,8527.88,Arrojado,2023-11-18
1637,36,7625.99,Moderado,2023-04-15
1638,26,6109.75,Moderado,2023-07-16
1639,44,10250.66,Arrojado,2024-10-04
1640,44,10160.49,Conservador,2023-04-12
1641,22,4049.1,Moderado,2023-10-18
1642,46,11017.7,Moderado,2024-05-25
1643,61,14013.05,Conservador,2023-06-25
1644,40,9541.36,Conservador,2024-12-13
1645,34,7164.31,Arrojado,2024-04-19
1646,36,8191.0,Moderado,2023-01-21
1647,45,10455.44,Arrojado,2023-06-30
1648,19,4430.59,Conservador,2024-06-25
1649,40,9130.73,Moderado,2024-09-22
1650,34,7382.18,Arrojado,2024-11-08
1651,58,13685.77,Conservador,2024-09-14
1652,36,8930.11,Conservador,2023-02-24
1653,56,13636.36,Arrojado,2024-06-17
1654,26,5409.73,Conservador,2023-03-22
1655,44,10147.35,Moderado,2023-02-25
1656,42,9227.56,Conservador,2024-05-20
1657,28,6275.5,Moderado,2023-12-16
1658,40,8667.07,Conservador,2024-04-18
1659,51,12464.3,Moderado,2024-09-14
1660,34,7705.78,Moderado,2023-02-20
1661,19,5649.29,Conservador,2024-01-21
1662,38,8301.59,Conservador,2024-09-01
1663,28,6042.41,Conservador,2023-11-18
1664,34,8876.91,Conservador,2024-01-18
1665,37,9127.1,Moderado,2023-12-30
1666,19,3481.51,Moderado,2024-10-25
1667,20,4111.63,Conservador,2023-02-06
1668,43,9987.86,Moderado,2024-10-03
1669,32,7260.49,Moderado,2024-08-19
1670,18,3220.71,Conservador,2024-08-16
1671,47,10988.09,Arrojado,2023-10-29
1672,41,8960.83,Arrojado,2024-01-13
1673,30,6668.85,Conservador,2023-09-27
1674,24,5268.52,Moderado,2023-07-04
1675,47,10930.96,Moderado,2024-10-01
1676,42,9217.17,Moderado,2024-01-05
1677,64,15999.91,Arrojado,2024-06-12
1678,43,10162.9,Moderado,2023-03-15
1679,42,9451.9,Conservador,2024-07-30
1680,36,8049.89,Moderado,2024-04-26
1681,47,10542.37,Arrojado,2024-12-30
1682,45,10142.16,Moderado,2023-04-08
1683,52,12114.82,Arrojado,2024-01-30
1684,32,7855.45,Conservador,2024-01-09
1685,33,7140.16,Conservador,2024-01-29
1686,33,7716.5,Moderado,2023-02-09
1687,47,10814.64,Conservador,2023-12-12
1688,54,12963.47,Moderado,2023-08-07
1689,33,7326.13,Arrojado,2024-03-27
1690,33,7861.93,Conservador,2023-06-19
1691,41,9255.86,Conservador,2023-11-15
1692,35,7406.39,Conservador,2024-03-29
1693,48,10829.94,Moderado,2023-02-16
1694,18,3276.89,Conservador,2024-07-29
1695,29,5922.6,Arrojado,2024-06-07
1696,29,6547.06,Arrojado,2023-02-11
1697,18,3300.35,Moderado,2023-02-17
1698,27,7713.29,Moderado,2024-09-13
1699,28,5551.54,Moderado,2023-07-27
1700,36,8261.68,Conservador,2024-09-21
1701,50,11414.11,Arrojado,2023-12-31
1702,35,7710.46,Conservador,2023-09-08
1703,27,5891.82,Moderado,2023-07-19
1704,37,7786.62,Arrojado,2024-04-26
1705,50,11917.96,Moderado,2023-03-22
1706,27,7163.77,Moderado,2023-10-22
1707,28,5904.8,Moderado,2023-09-10
1708,44,10369.38,Conservador,2023-04-23
1709,36,8745.33,Moderado,2023-09-15
1710,45,10436.77,Moderado,2024-01-22
1711,38,8459.92,Moderado,2024-05-10
1712,46,10134.45,Arrojado,2023-03-05
1713,27,6156.97,Moderado,2024-09-29
1714,38,8637.97,Conservador,2024-10-04
1715,36,7805.74,Moderado,2024-05-20
1716,25,5364.83,Moderado,2024-11-06
1717,21,4038.99,Moderado,2023-11-09
1718,46,10558.09,Moderado,2024-08-23
1719,34,7956.56,Arrojado,2024-06-15
1720,27,5380.43,Conservador,2024-02-16
1721,37,9021.19,Moderado,2023-05-12
1722,50,11346.2,Arrojado,2024-02-12
1723,18,3232.47,Conservador,2024-10-20
1724,22,5884.82,Moderado,2024-12-20
1725,28,6739.18,Conservador,2023-11-24
1726,54,12891.29,Moderado,2023-07-01
1727,41,9126.39,Conservador,2024-06-30
1728,46,10557.8,Moderado,2023-02-25
1729,25,5340.06,Arrojado,2023-04-21
1730,26,5583.78,Conservador,2024-02-15
1731,43,9947.42,Conservador,2024-12-24
1732,39,8933.37,Conservador,2023-08-29
1733,44,10156.21,Arrojado,2023-11-21
1734,36,7695.82,Conservador,2023-08-24
1735,41,9262.28,Moderado,2023-11-19
1736,40,9709.54,Moderado,2023-01-06
1737,47,10573.2,Conservador,2024-03-10
1738,47,10946.27,Moderado,2024-03-11
1739,20,3702.49,Arrojado,2023-08-19
1740,18,3537.68,Arrojado,2023-07-13
1741,49,11388.61,Conservador,2024-07-10
1742,51,12998.82,Arrojado,2023-05-18
1743,27,6079.67,Conservador,2023-02-04
1744,18,3046.93,Conservador,2023-01-30
1745,39,9295.01,Arrojado,2024-10-06
1746,48,10996.48,Arrojado,2023-09-24
1747,58,13661.27,Arrojado,2023-03-16
1748,44,10396.67,Moderado,2024-10-04
1749,34,7451.04,Moderado,2023-04-19
1750,28,6575.02,Moderado,2023-09-04
1751,38,8396.53,Moderado,2023-01-16
1752,35,7667.04,Conservador,2024-05-11
1753,27,5574.56,Conservador,2024-05-26
1754,61,14445.17,Moderado,2024-07-07
1755,58,14518.53,Arrojado,2023-07-12
1756,50,12129.76,Conservador,2023-08-28
1757,28,7230.5,Moderado,2024-11-16
1758,47,12778.26,Arrojado,2024-08-23
1759,45,10140.68,Arrojado,2023-01-28
1760,43,10018.75,Arrojado,2024-05-20
1761,52,11921.35,Conservador,2024-08-17
1762,45,10215.56,Conservador,2024-02-13
1763,46,10523.3,Moderado,2024-04-12
1764,45,10133.34,Arrojado,2023-01-01
1765,42,9354.8,Conservador,2023-01-22
1766,18,3424.92,Conservador,2023-01-26
1767,39,8530.84,Conservador,2023-04-27
1768,32,7581.73,Arrojado,2024-12-25
1769,24,4713.05,Moderado,2024-04-08
1770,56,15874.5,Arrojado,2024-07-25
1771,57,13445.54,Arrojado,2023-08-05
1772,53,12619.48,Arrojado,2024-11-16
1773,41,9031.0,Moderado,2023-05-26
1774,53,13726.81,Moderado,2024-10-21
1775,38,9333.39,Moderado,2023-01-23
1776,40,9348.06,Arrojado,2023-01-15
1777,26,5118.39,Moderado,2023-02-27
1778,42,9825.11,Moderado,2024-08-01
1779,39,8555.85,Moderado,2023-07-08
1780,24,5965.88,Conservador,2023-11-26
1781,37,8860.52,Arrojado,2023-12-11
1782,37,8470.28,Conservador,2024-07-31
1783,58,13229.73,Arrojado,2023-09-12
1784,48,10934.03,Arrojado,2023-01-05
1785,38,9044.98,Moderado,2023-10-10
1786,41,10183.49,Moderado,2023-07-30
1787,38,9325.82,Moderado,2024-06-18
1788,36,7662.14,Moderado,2024-07-03
1789,26,5710.41,Conservador,2023-03-09
1790,36,8738.72,Moderado,2024-08-02
1791,30,6087.96,Arrojado,2023-02-21
1792,24,5043.47,Moderado,2024-03-29
1793,44,10376.4,Conservador,2023-10-12
1794,42,9602.03,Conservador,2023-08-09
1795,18,2928.88,Arrojado,2023-12-20
1796,37,8292.42,Moderado,2023-08-15
1797,49,11411.8,Arrojado,2024-08-03
1798,50,11743.35,Moderado,2024-12-07
1799,49,11325.92,Arrojado,2024-08-19
1800,38,8508.58,Conservador,2023-11-18
1801,29,6329.49,Moderado,2024-01-03
1802,26,5784.41,Arrojado,2023-11-23
1803,42,9600.62,Arrojado,2024-08-03
1804,42,9560.81,Conservador,2024-02-08
1805,52,12368.85,Conservador,2023-12-09
1806,50,11235.81,Moderado,2023-10-27
1807,37,8663.3,Arrojado,2023-10-02
1808,24,5046.72,Conservador,2024-02-09
1809,34,7664.76,Moderado,2024-05-18
1810,40,9740.77,Conservador,2023-11-13
1811,36,7589.88,Conservador,2024-08-12
1812,32,6546.02,Conservador,2024-08-27
1813,41,9596.39,Moderado,2023-11-10
1814,32,7123.81,Conservador,2024-10-26
1815,31,6945.52,Moderado,2023-05-07
1816,41,9281.66,Conservador,2024-11-12
1817,34,7990.88,Conservador,2023-08-03
1818,41,9981.66,Arrojado,2024-02-17
1819,41,9707.13,Arrojado,2023-07-27
1820,25,5197.67,Moderado,2023-11-20
1821,33,6782.29,Conservador,2023-09-06
1822,54,13255.2,Moderado,2024-05-30
1823,25,6030.29,Moderado,2023-03-01
1824,18,3819.08,Conservador,2024-09-04
1825,18,3164.34,Moderado,2024-10-22
1826,38,9036.55,Moderado,2024-02-16
1827,38,9153.72,Arrojado,2024-02-05
1828,37,9430.43,Arrojado,2024-05-26
1829,51,11745.4,Conservador,2023-05-26
1830,18,3391.35,Arrojado,2024-07-02
1831,42,10121.48,Conservador,2023-06-09
1832,55,13132.8,Arrojado,2024-05-09
1833,26,5176.96,Arrojado,2023-08-12
1834,34,7849.41,Conservador,2024-06-29
1835,30,6900.54,Moderado,2024-08-01
1836,28,6126.82,Moderado,2023-06-02
1837,34,7749.48,Moderado,2024-03-27
1838,54,12738.51,Moderado,2023-12-31
1839,58,14819.59,Arrojado,2023-08-03
1840,34,7318.08,Moderado,2024-03-06
1841,59,13917.74,Moderado,2024-12-26
1842,38,8691.86,Arrojado,2023-01-02
1843,57,14105.82,Arrojado,2024-11-30
1844,37,7943.12,Moderado,2024-09-17
1845,39,8507.3,Conservador,2024-01-22
1846,42,9134.52,Conservador,2024-03-21
1847,70,17021.6,Moderado,2023-09-27
1848,47,10636.69,Conservador,2023-04-05
1849,30,6450.14,Moderado,2024-02-22
1850,49,11889.1,Arrojado,2024-08-19
1851,34,7399.48,Moderado,2023-06-18
1852,33,7495.23,Arrojado,2024-06-08
1853,48,11162.59,Arrojado,2024-06-30
1854,38,9035.54,Moderado,2024-07-08
1855,41,9702.25,Conservador,2023-09-06
1856,38,8422.9,Arrojado,2023-10-14
1857,42,9654.84,Moderado,2023-11-01
1858,43,10578.65,Moderado,2024-09-16
1859,18,3678.1,Conservador,2024-10-20
1860,45,10046.37,Conservador,2023-10-30
1861,27,6165.66,Conservador,2024-12-10
1862,22,4145.81,Moderado,2024-02-22
1863,37,9303.61,Conservador,2023-10-09
1864,39,9524.75,Arrojado,2023-01-01
1865,30,6744.49,Conservador,2024-03-22
1866,47,11099.33,Conservador,2024-04-16
1867,23,4698.36,Moderado,2024-12-08
1868,34,7999.4,Arrojado,2024-06-08
1869,32,6975.3,Moderado,2023-01-22
1870,37,8537.34,Moderado,2024-02-19
1871,41,9941.2,Conservador,2024-06-26
1872,27,5606.49,Conservador,2023-12-29
1873,46,10527.96,Conservador,2023-11-10
1874,39,8536.62,Conservador,2024-08-15
1875,18,3111.32,Moderado,2024-03-22
1876,18,2933.49,Conservador,2024-05-13
1877,38,9070.68,Conservador,2023-12-06
1878,36,9407.54,Moderado,2023-07-23
1879,37,9314.39,Conservador,2024-01-15
1880,38,8174.8,Moderado,2024-12-02
1881,40,9587.62,Moderado,2024-03-16
1882,48,12171.67,Arrojado,2024-06-01
1883,26,5383.58,Moderado,2023-04-01
1884,25,5353.07,Arrojado,2024-12-23
1885,26,4979.85,Moderado,2023-06-28
1886,41,9592.84,Moderado,2024-12-10
1887,52,11951.58,Arrojado,2023-11-22
1888,33,7479.74,Moderado,2024-11-02
1889,18,2988.87,Conservador,2024-10-13
1890,19,4020.07,Conservador,2024-07-06
1891,29,6925.05,Conservador,2024-10-31
1892,32,6833.82,Moderado,2024-03-21
1893,34,7251.71,Moderado,2024-09-12
1894,38,8074.06,Conservador,2023-05-06
1895,35,7795.46,Conservador,2023-02-21
1896,50,11579.7,Conservador,2024-02-02
1897,31,6371.12,Arrojado,2024-08-14
1898,29,6570.15,Moderado,2024-07-13
1899,43,9806.06,Conservador,2024-01-21
1900,21,3888.23,Moderado,2024-01-16
1901,42,9508.99,Conservador,2024-03-21
1902,39,9558.35,Conservador,2024-09-26
1903,36,8474.61,Arrojado,2024-09-07
1904,55,13050.88,Moderado,2023-03-22
1905,31,7184.06,Conservador,2024-03-11
1906,61,14265.36,Moderado,2023-10-06
1907,36,8181.45,Arrojado,2024-08-07
1908,24,5114.62,Moderado,2024-01-05
1909,39,8758.88,Conservador,2024-12-25
1910,26,5780.62,Moderado,2023-11-13
1911,30,6314.68,Conservador,2024-05-11
1912,42,9981.48,Arrojado,2023-03-21
1913,44,10525.19,Moderado,2024-11-12
1914,31,6145.58,Conservador,2023-04-23
1915,49,12246.27,Moderado,2023-10-04
1916,51,11330.44,Arrojado,2024-09-04
1917,54,12608.01,Arrojado,2024-12-08
1918,44,10825.63,Arrojado,2023-12-21
1919,53,12455.65,Conservador,2023-12-21
1920,18,3010.23,Moderado,2023-02-05
1921,35,7523.33,Conservador,2024-12-16
1922,28,6666.73,Moderado,2023-01-13
1923,39,8375.7,Conservador,2023-01-20
1924,32,7780.38,Conservador,2023-12-13
1925,36,8142.8,Conservador,2023-01-03
1926,59,13737.13,Arrojado,2023-05-01
1927,36,7939.18,Arrojado,2024-04-03
1928,43,9624.46,Moderado,2024-05-30
1929,35,8377.45,Conservador,2023-08-06
1930,39,9332.28,Moderado,2024-08-04
1931,38,8155.33,Conservador,2024-03-20
1932,43,9823.06,Arrojado,2023-06-16
1933,51,11749.28,Arrojado,2024-06-04
1934,56,14146.44,Arrojado,2024-03-08
1935,41,9017.59,Conservador,2024-08-16
1936,44,11291.53,Conservador,2023-04-23
1937,25,5292.29,Conservador,2023-06-18
1938,37,8025.09,Arrojado,2023-08-10
1939,48,11027.68,Moderado,2023-09-07
1940,48,10988.08,Conservador,2024-10-11
1941,40,8776.16,Arrojado,2024-06-19
1942,48,11330.0,Arrojado,2024-02-02
1943,43,9567.98,Moderado,2024-01-31
1944,51,11449.99,Moderado,2024-10-09
1945,41,9311.96,Moderado,2023-11-23
1946,34,7098.5,Moderado,2023-06-14
1947,42,9443.57,Arrojado,2023-04-11
1948,18,3155.59,Moderado,2023-08-30
1949,42,9406.87,Arrojado,2024-04-22
1950,18,4928.61,Arrojado,2023-12-11
1951,19,3772.34,Conservador,2023-11-05
1952,43,10102.19,Arrojado,2023-12-17
1953,43,9443.75,Moderado,2024-12-13
1954,25,5055.36,Conservador,2024-12-30
1955,30,6707.38,Conservador,2023-04-28
1956,53,12222.41,Conservador,2023-03-25
1957,33,7885.15,Moderado,2023-06-28
1958,63,14774.46,Moderado,2024-09-14
1959,38,8567.64,Moderado,2023-12-02
1960,42,9498.18,Arrojado,2024-09-23
1961,56,13442.72,Conservador,2024-04-17
1962,39,8699.83,Moderado,2024-02-09
1963,27,5713.7,Moderado,2023-07-25
1964,37,8327.48,Conservador,2023-09-09
1965,38,8409.22,Moderado,2023-04-18
1966,23,5027.74,Conservador,2024-01-15
1967,35,8018.73,Arrojado,2023-07-24
1968,30,6568.39,Conservador,2023-08-02
1969,48,11113.16,Arrojado,2023-01-29
1970,38,9112.45,Moderado,2024-08-07
1971,35,7807.59,Arrojado,2024-11-17
1972,37,8299.74,Moderado,2023-12-31
1973,40,9254.58,Moderado,2024-01-27
1974,45,11637.74,Moderado,2024-11-07
1975,27,5379.95,Moderado,2024-01-09
1976,27,6235.59,Moderado,2024-03-31
1977,50,11241.03,Conservador,2023-11-09
1978,33,7488.34,Moderado,2024-01-11
1979,22,5545.05,Conservador,2024-01-17
1980,43,10229.72,Arrojado,2024-06-03
1981,43,10065.74,Moderado,2024-03-17
1982,21,4046.96,Arrojado,2024-01-04
1983,41,9480.86,Moderado,2023-02-25
1984,46,10661.14,Moderado,2024-10-23
1985,42,9432.94,Conservador,2024-10-11
1986,45,10386.27,Moderado,2023-05-15
1987,23,4879.13,Moderado,2023-08-03
1988,42,9438.82,Arrojado,2024-12-12
1989,35,7606.64,Moderado,2023-08-23
1990,33,6935.14,Arrojado,2024-08-16
1991,48,11476.7,Arrojado,2024-07-28
1992,54,13121.47,Arrojado,2024-09-21
1993,58,13995.41,Moderado,2023-01-12
1994,52,12863.81,Arrojado,2023-12-20
1995,37,8466.78,Conservador,2024-02-18
1996,42,9917.38,Conservador,2024-09-03
1997,46,10911.58,Conservador,2023-06-14
1998,39,8907.14,Arrojado,2023-08-13
1999,39,8737.26,Arrojado,2023-05-12
2000,47,12713.14,Moderado,2024-07-10
